X_train,y_train
0.26,0.029112
0.271,-0.13064
0.249,-0.020273
0.19,0.029796
0.424,-0.51547
0.954,-1.3139
0.056,-0.5526
0.481,-0.84849
0.654,-1.8199
0.459,-0.65553
0.242,0.00048987
0.979,-1.1998
0.251,0.054135
0.924,-1.4187
0.53,-1.169
0.302,-0.10109
0.185,-0.093301
0.708,-1.9293
0.533,-1.1738
0.161,-0.07374
0.625,-1.6577
0.605,-1.6405
0.178,-0.046106
0.23,0.037395
0.262,-0.1024
0.165,-0.16001
0.473,-0.8483
0.1,-0.39993
0.817,-1.9581
0.388,-0.31675
0.204,-0.053708
0.277,0.10916
0.464,-0.73642
0.127,-0.34182
0.791,-2.0657
0.631,-1.7751
0.011,-0.93209
0.007,-0.96252
0.403,-0.42674
0.945,-1.3323
0.079,-0.50319
0.998,-1.008
0.695,-2.0218
0.055,-0.64843
0.291,0.05117
0.564,-1.4256
0.144,-0.12373
0.316,-0.10756
0.131,-0.24111
0.809,-1.8932
0.453,-0.64715
0.915,-1.5581
0.842,-1.8396
0.104,-0.45542
0.825,-1.81
0.951,-1.3295
0.207,0.039247
0.822,-1.8138
0.331,-0.091659
0.037,-0.73191
0.816,-2.034
0.08,-0.58009
0.346,-0.11701
0.063,-0.61065
0.557,-1.3421
0.466,-0.85234
0.873,-1.7686
0.298,-0.028635
0.238,0.014599
0.383,-0.3792
0.766,-1.8804
0.921,-1.4691
0.494,-0.97521
0.808,-1.9441
0.024,-0.78659
0.147,-0.21381
0.582,-1.447
0.691,-1.9557
0.492,-0.86394
0.601,-1.6001
0.987,-1.0329
0.293,0.013489
0.777,-2.0334
0.344,-0.15219
0.925,-1.4196
0.645,-1.8327
0.074,-0.45496
0.108,-0.41726
0.716,-1.9278
0.295,0.079365
0.028,-0.81548
0.402,-0.43574
0.603,-1.586
0.157,-0.17727
0.172,-0.12179
0.372,-0.24432
0.389,-0.26476
0.456,-0.69107
0.361,-0.23006
0.31,-0.0013874
0.896,-1.6063
0.229,0.063515
0.133,-0.30665
0.01,-0.91115
0.237,0.026774
0.532,-1.2998
0.904,-1.5678
0.474,-0.78855
0.358,-0.24087
0.284,-0.044556
0.751,-2.1039
0.597,-1.5582
0.767,-1.9589
0.052,-0.72021
0.309,-0.070247
0.314,-0.068289
0.937,-1.3071
0.811,-2.0138
0.425,-0.67151
0.871,-1.835
0.717,-2.0132
0.697,-1.9532
0.218,0.084372
0.982,-1.0816
0.882,-1.5984
0.109,-0.38093
0.184,-0.026166
0.488,-0.95872
0.634,-1.6802
0.34,-0.15406
0.929,-1.3746
0.364,-0.24778
0.586,-1.4293
0.702,-1.976
0.044,-0.67258
0.379,-0.27635
0.547,-1.269
0.729,-2.0154
0.613,-1.6845
0.764,-1.9795
0.175,-0.18997
0.143,-0.25887
0.536,-1.319
0.903,-1.6408
0.319,-0.12025
0.955,-1.268
0.502,-1.0065
0.953,-1.2227
0.196,-0.11549
0.863,-1.8392
0.66,-1.8532
0.507,-1.0746
0.721,-1.9758
0.355,-0.17422
0.194,-0.1081
0.247,0.005824
0.712,-1.9696
0.24,0.0028168
0.114,-0.42522
0.077,-0.6044
0.653,-1.8763
0.312,-0.024571
0.556,-1.3176
0.439,-0.59549
0.699,-1.8749
0.381,-0.33326
0.589,-1.5458
0.014,-0.96565
0.563,-1.3707
0.796,-1.9057
0.454,-0.77384
0.045,-0.81422
0.287,-0.05782
0.021,-0.88564
0.064,-0.63618
0.674,-1.9079
0.334,-0.11924
0.887,-1.6619
0.013,-0.96411
0.267,0.026765
0.393,-0.41311
0.485,-0.86825
0.936,-1.405
0.306,-0.098287
0.376,-0.27881
0.677,-1.9061
0.797,-2.0822
0.462,-0.7392
0.917,-1.5275
0.36,-0.26879
0.728,-1.9561
0.437,-0.53658
0.422,-0.58791
0.962,-1.3858
0.057,-0.62573
0.065,-0.69217
0.461,-0.76203
0.77,-2.0109
0.761,-1.9048
0.5,-0.91594
0.113,-0.23845
0.585,-1.606
0.855,-1.8171
0.799,-1.9174
0.154,-0.23202
0.854,-1.7209
0.939,-1.4153
0.698,-1.857
0.28,0.044813
0.241,-0.03525
0.58,-1.3887
0.911,-1.4776
0.894,-1.5826
0.938,-1.2395
0.775,-1.9052
0.892,-1.6253
0.997,-0.96119
0.414,-0.47874
0.406,-0.40962
0.255,0.077895
0.846,-1.7847
0.282,-0.01475
1.0,-0.96492
0.541,-1.2052
0.322,-0.12757
0.105,-0.31441
0.707,-1.9218
0.83,-1.944
0.031,-0.89569
0.359,-0.24057
0.65,-1.8321
0.221,0.022795
0.415,-0.53466
0.053,-0.67249
0.117,-0.32036
0.141,-0.20832
0.137,-0.23693
0.303,-0.10045
0.187,-0.11239
0.003,-0.8667
0.03,-0.87643
0.529,-1.1689
0.864,-1.7001
0.286,-0.076032
0.819,-1.8663
0.054,-0.65746
0.692,-2.0062
0.06,-0.63154
0.472,-0.85753
0.731,-1.9141
0.609,-1.6248
0.612,-1.638
0.594,-1.4763
0.566,-1.3644
0.553,-1.35
0.651,-1.7912
0.992,-1.0391
0.526,-1.233
0.996,-1.0606
0.496,-0.94766
0.272,-0.024791
0.973,-1.215
0.85,-1.7336
0.441,-0.66214
0.718,-1.913
0.847,-1.8806
0.619,-1.6581
0.96,-1.1432
0.685,-1.9402
0.616,-1.7162
0.916,-1.4674
0.297,-0.036086
0.94,-1.341
0.248,-0.052604
0.259,-0.05609
0.62,-1.694
0.168,-0.084597
0.745,-2.0369
0.804,-1.8641
0.861,-1.7185
0.35,-0.039792
0.999,-1.0239
0.497,-0.96858
0.967,-1.1915
0.824,-1.8424
0.386,-0.42254
0.408,-0.59699
0.365,-0.28808
0.673,-1.8736
0.661,-1.9152
0.228,-0.10385
0.264,-0.034619
0.657,-1.7477
0.542,-1.2834
0.416,-0.53813
0.345,-0.14233
0.508,-1.0595
0.55,-1.2988
0.59,-1.5181
0.397,-0.43084
0.046,-0.66788
0.678,-1.9058
0.155,-0.27552
0.324,-0.15899
0.465,-0.77627
0.638,-1.7722
0.736,-1.9517
0.666,-1.8467
0.672,-1.8712
0.0,-0.94319
0.971,-1.2023
0.732,-2.0975
0.159,-0.12166
0.9,-1.6322
0.752,-2.0105
0.63,-1.7316
0.743,-1.914
0.531,-1.2535
0.301,-0.11252
0.243,-0.058274
0.966,-1.2749
0.747,-2.0295
0.45,-0.74749
0.527,-1.1914
0.927,-1.3817
0.288,0.0054283
0.81,-1.9474
0.679,-1.9637
0.828,-1.8899
0.426,-0.50802
0.193,-0.092333
0.325,-0.080597
0.486,-0.91708
0.773,-1.9108
0.038,-0.80036
0.048,-0.58742
0.899,-1.55
0.44,-0.63573
0.061,-0.65034
0.865,-1.7753
0.64,-1.7633
0.89,-1.6843
0.452,-0.68463
0.126,-0.27063
0.432,-0.6063
0.787,-2.0113
0.968,-1.2655
0.42,-0.45866
0.969,-1.1537
0.843,-1.7779
0.285,-0.017258
0.197,-0.085044
0.215,-0.036654
0.92,-1.4304
0.98,-1.0518
0.071,-0.64813
0.928,-1.4194
0.935,-1.4749
0.948,-1.2623
0.349,-0.14433
0.382,-0.27377
0.102,-0.51885
0.348,-0.22931
0.513,-1.0999
0.902,-1.6101
0.15,-0.19947
0.384,-0.25874
0.375,-0.29933
0.667,-1.8313
0.993,-1.1229
0.068,-0.51534
0.857,-1.79
0.795,-2.0039
0.299,-0.032872
0.748,-1.8369
0.522,-1.1689
0.111,-0.33291
0.066,-0.53107
0.446,-0.67783
0.311,-0.11488
0.491,-0.8785
0.283,-0.031745
0.401,-0.4586
0.001,-0.96411
0.93,-1.3685
0.989,-1.0964
0.086,-0.42874
0.897,-1.6389
0.219,-0.092356
0.315,-0.030857
0.008,-0.96885
0.87,-1.7455
0.326,-0.02358
0.357,-0.22216
0.518,-1.053
0.333,-0.046503
0.898,-1.6205
0.845,-1.8892
0.876,-1.6545
0.688,-1.9368
0.146,-0.091954
0.216,-0.0029627
0.305,-0.095621
0.793,-1.944
0.135,-0.29441
0.778,-1.9595
0.905,-1.5667
0.647,-1.8974
0.524,-1.2814
0.341,-0.17368
0.506,-1.0558
0.289,-0.12491
0.742,-2.0079
0.487,-0.84617
0.554,-1.4015
0.946,-1.4695
0.885,-1.6942
0.091,-0.45878
0.626,-1.7198
0.834,-1.9464
0.931,-1.5374
0.543,-1.2421
0.265,-0.019594
0.621,-1.7187
0.493,-1.0408
0.268,-0.017055
0.652,-1.8563
0.252,0.032339
0.528,-1.1858
0.883,-1.6927
0.813,-2.0014
0.957,-1.2245
0.034,-0.76023
0.444,-0.64291
0.912,-1.5396
0.741,-1.9778
0.867,-1.6604
0.281,0.056273
0.095,-0.61651
0.798,-1.9724
0.949,-1.2963
0.186,-0.11121
0.183,-0.086752
0.622,-1.7012
0.561,-1.3801
0.209,-0.076448
0.476,-0.80522
0.555,-1.2284
0.27,0.082497
0.073,-0.56136
0.49,-0.90402
0.567,-1.4223
0.398,-0.4088
0.39,-0.24452
0.858,-1.8521
0.768,-2.0516
0.852,-1.8061
0.418,-0.54941
0.551,-1.2857
0.664,-1.8021
0.041,-0.77483
0.643,-1.808
0.191,0.00029727
0.17,-0.20676
0.552,-1.3876
0.009,-0.94058
0.932,-1.4816
0.482,-0.97766
0.72,-1.919
0.984,-1.1266
0.51,-1.0645
0.213,-0.0086865
0.801,-1.8423
0.122,-0.29439
0.457,-0.78213
0.097,-0.39704
0.95,-1.3098
0.909,-1.435
0.668,-1.8945
0.604,-1.5909
0.164,-0.098056
0.37,-0.25188
0.329,-0.19108
0.696,-1.9481
0.088,-0.49089
0.377,-0.38633
0.181,-0.053566
0.087,-0.3934
0.944,-1.3334
0.313,-0.023333
0.081,-0.58312
0.835,-1.8655
0.512,-1.1465
0.617,-1.6781
0.227,0.022887
0.669,-1.8945
0.658,-1.9585
0.405,-0.4974
0.201,-0.0058113
0.786,-2.0409
0.276,0.0026496
0.017,-0.98281
0.258,0.078631
0.703,-1.9118
0.663,-1.7749
0.934,-1.3792
0.575,-1.5185
0.74,-2.069
0.189,-0.041749
0.151,-0.096721
0.039,-0.7316
0.687,-1.8955
0.171,-0.18176
0.261,-0.088141
0.735,-1.9426
0.689,-2.0586
0.203,-0.033474
0.577,-1.4642
0.075,-0.49889
0.941,-1.3216
0.029,-0.76089
0.807,-1.9692
0.684,-1.9935
0.455,-0.71812
0.859,-1.6921
0.027,-0.67394
0.694,-1.7997
0.875,-1.7689
0.644,-1.7862
0.033,-0.87514
0.145,-0.15144
0.805,-1.8934
0.148,-0.10261
0.693,-1.8442
0.369,-0.19267
0.274,-0.11641
0.025,-0.77668
0.78,-1.9635
0.521,-1.1416
0.33,-0.21065
0.051,-0.63778
0.07,-0.67475
0.423,-0.48812
0.681,-1.96
0.206,0.013455
0.392,-0.37833
0.435,-0.60431
0.089,-0.50156
0.153,-0.11126
0.765,-2.0136
0.889,-1.6887
0.448,-0.67235
0.404,-0.35476
0.879,-1.6968
0.106,-0.42391
0.48,-0.85787
0.7,-1.9961
0.059,-0.68398
0.627,-1.6956
0.327,-0.12796
0.018,-0.88948
0.119,-0.29142
0.222,0.032567
0.32,-0.021618
0.078,-0.5754
0.417,-0.65864
0.91,-1.5436
0.82,-1.9513
0.445,-0.61702
0.451,-0.76826
0.591,-1.572
0.629,-1.6817
0.549,-1.3236
0.592,-1.5603
0.923,-1.4341
0.635,-1.832
0.756,-1.991
0.802,-1.9224
0.103,-0.37531
0.366,-0.27811
0.176,-0.043246
0.788,-2.0652
0.606,-1.6776
0.615,-1.8129
0.336,-0.090097
0.559,-1.3492
0.125,-0.27113
0.263,-0.0051455
0.231,-0.026077
0.342,-0.14675
0.733,-2.0021
0.722,-1.9836
0.317,-0.13572
0.362,-0.24235
0.558,-1.4016
0.538,-1.1898
0.737,-1.9705
0.611,-1.6718
0.442,-0.56216
0.427,-0.62178
0.245,0.0035622
0.637,-1.7748
0.952,-1.3254
0.572,-1.5135
0.019,-0.90432
0.4,-0.4185
0.46,-0.75675
0.205,0.022706
0.831,-1.8802
0.544,-1.3048
0.083,-0.42115
0.783,-1.8628
0.725,-1.9459
0.881,-1.6512
0.296,-0.027417
0.505,-1.021
0.049,-0.6355
0.895,-1.6824
0.961,-1.3157
0.676,-1.7693
0.233,-0.058462
0.755,-1.9104
0.581,-1.4442
0.943,-1.3811
0.866,-1.8218
0.576,-1.4847
0.908,-1.5348
0.683,-1.8795
0.781,-1.9585
0.636,-1.7392
0.431,-0.61563
0.715,-1.9167
0.072,-0.59783
0.759,-2.0117
0.18,-0.18743
0.749,-2.0153
0.646,-1.7996
0.132,-0.31766
0.123,-0.29111
0.933,-1.3718
0.378,-0.26438
0.232,-0.055872
0.351,-0.18948
0.269,-0.010966
0.503,-1.0398
0.509,-0.96119
0.988,-1.1261
0.517,-1.0903
0.458,-0.73354
0.753,-2.0105
0.005,-0.93562
0.849,-1.7829
0.618,-1.7124
0.836,-1.8839
0.036,-0.78345
0.266,-0.028815
0.598,-1.5797
0.495,-1.0089
0.983,-1.125
0.762,-2.0588
0.128,-0.25801
0.134,-0.26067
0.803,-1.9752
0.714,-2.0399
0.2,-0.11906
0.082,-0.53395
0.771,-1.9409
0.977,-1.2538
0.467,-0.75859
0.818,-1.9176
0.926,-1.4608
0.706,-2.006
0.868,-1.751
0.758,-2.071
0.112,-0.34668
0.156,-0.14829
0.596,-1.5993
0.004,-0.86399
0.149,-0.19027
0.409,-0.42781
0.163,-0.13008
0.323,-0.053592
0.675,-1.7443
0.974,-1.2232
0.367,-0.24931
0.534,-1.1846
0.656,-1.9104
0.709,-1.972
0.54,-1.2912
0.257,0.042125
0.195,-0.042779
0.198,-0.05
0.413,-0.585
0.812,-1.9498
0.878,-1.7422
0.434,-0.64621
0.829,-1.7885
0.593,-1.6009
0.035,-0.8585
0.877,-1.6966
